Name,Gender,Company
Ethel Price 5,female,"Johnson, Johnson and Partners, LLC CMP DDC"
Claudine Neal,female,Sealoud
Beryl Rice,female,Velity
Wilder Gonzales,male,Geekko
Georgina Schultz,female,Suretech
Carroll Buchanan,male,Ecosys
Valarie Atkinson,female,Hopeli
Schroeder Mathews,male,Polarium
Lynda Mendoza,female,Dogspa
Sarah Massey,female,Bisba
Robles Boyle,male,Comtract
Evans Hickman,male,Parleynet
Dawson Barber,male,Dymi
Bruce Strong,male,Xyqag
Nellie Whitfield,female,Exospace
Jackson Macias,male,Aquamate
Pena Pena,male,Quarx
Lelia Gates,female,Proxsoft
Letitia Vasquez,female,Slumberia
Trevino Moreno,male,Conjurica
Barr Page,male,Apex
Kirkland Merrill,male,Utara
Blanche Conley,female,Imkan
Atkins Dunlap,male,Comveyor
Everett Foreman,male,Maineland
Gould Randolph,male,Intergeek
Kelli Leon,female,Verbus
Freda Mason,female,Accidency
Tucker Maxwell,male,Lumbrex
Yvonne Parsons,female,Zolar
Woods Key,male,Bedder
Stephens Reilly,male,Acusage
Mcfarland Sparks,male,Comvey
Jocelyn Sawyer,female,Fortean
Renee Barr,female,Kiggle
Gaines Beck,male,Sequitur
Luisa Farrell,female,Cinesanct
Robyn Strickland,female,Obones
Roseann Jarvis,female,Aquazure
Johnston Park,male,Netur
Wong Craft,male,Opticall
Merritt Cole,male,Techtrix
Dale Byrd,female,Kneedles
Sara Delgado,female,Netagy
Alisha Myers,female,Intradisk
Felecia Smith,female,Futurity
Neal Harvey,male,Pyramax
Nola Miles,female,Sonique
Herring Pierce,male,Geeketron
Shelley Rodriquez,female,Bostonic
Cora Chase,female,Isonus
Mckay Santos,male,Amtas
Hilda Crane,female,Jumpstack
Jeanne Lindsay,female,Genesynk
Frye Sharpe,male,Eplode
Velma Fry,female,Ronelon
Reyna Espinoza,female,Prismatic
Spencer Sloan,male,Comverges
Graham Marsh,male,Medifax
Hale Boone,male,Digial
Wiley Hubbard,male,Zensus
Blackburn Drake,male,Frenex
Franco Hunter,male,Rockabye
Barnett Case,male,Norali
Alexander Foley,male,Geekosis
Lynette Stein,female,Macronaut
Anthony Joyner,male,Senmei
Garrett Brennan,male,Bluegrain
Betsy Horton,female,Zilla
Patton Small,male,Genmex
Lakisha Huber,female,Insource
Lindsay Avery,female,Unq
Ayers Hood,male,Accuprint
Torres Durham,male,Uplinx
Vincent Hernandez,male,Talendula
Baird Ryan,male,Aquasseur
Georgia Mercer,female,Skyplex
Francesca Elliott,female,Nspire
Lyons Peters,male,Quinex
Kristi Brewer,female,Oronoko
Tonya Bray,female,Insuron
Valenzuela Huff,male,Applideck
Tiffany Anderson,female,Zanymax
Jerri King,female,Eventex
Rocha Meadows,male,Goko
Marcy Green,female,Pharmex
Kirk Cross,male,Portico
Hattie Mullen,female,Zilencio
Deann Bridges,female,Equitox
Chaney Roach,male,Qualitern
Consuelo Dickson,female,Poshome
Billie Rowe,female,Cemention
Bean Donovan,male,Mantro
Lancaster Patel,male,Krog
Rosa Dyer,female,Netility
Christine Compton,female,Bleeko
Milagros Finch,female,Handshake
Ericka Alvarado,female,Lyrichord
Sylvia Sosa,female,Circum
Humphrey Curtis,male,Corepan
